filename,label,mean_f0,mfcc_1,mfcc_2,mfcc_3,mfcc_4,mfcc_5,mfcc_6,mfcc_7,mfcc_8,mfcc_9,mfcc_10,mfcc_11,mfcc_12,mfcc_13
arctic_a0001(1).wav,female,302.67404144478303,-222.94943,50.31838,4.166282,35.06354,-13.423517,-0.01983635,-22.67343,4.3529463,-26.468605,1.577004,-18.25599,0.38223693,-3.3051107
arctic_a0001(3).wav,female,299.0492664304768,-244.91617,87.345535,8.823474,28.037771,-14.492659,2.5302718,-10.609807,-15.6114,-6.4968176,-1.3917129,-0.12585486,-7.6574,-0.18141338
arctic_a0001(4).wav,female,281.13914339381023,-249.27972,75.83921,-2.1206827,27.117826,-11.135644,1.9216217,-19.049849,-6.6971307,-9.041131,-1.2645301,-1.3312452,-1.5134491,2.2859132
arctic_a0001(5).wav,female,221.89709917809986,-281.5656,75.83364,0.738783,23.442926,-8.047482,5.269149,-3.7832077,-15.926218,-5.591793,-6.166304,-13.646732,3.0021846,-11.400887
arctic_a0001(6).wav,female,296.60650755834246,-258.6206,83.3276,6.0646477,43.014305,-13.251528,-1.2832314,-27.61252,-9.782251,-15.718997,-3.8830502,-7.386693,1.1243454,-4.03161
arctic_a0001(7).wav,female,274.94031403347986,-207.60643,77.37253,-2.8059878,14.52487,-19.995134,1.5768896,-24.066162,-4.765644,-5.2737293,0.6220777,-17.577608,6.887739,-11.819814
arctic_a0001.wav,female,248.9395579830535,-238.23135,76.40089,1.295301,27.500216,-13.508411,4.7327113,-7.08187,-7.0227766,-0.55523133,-5.5014224,-10.302745,-2.675121,-6.388293
arctic_a0002(1).wav,female,298.010118818668,-203.1893,66.41231,-7.3414845,35.661385,-21.417076,3.029072,-23.232813,-0.121120736,-23.835032,-2.0765114,-11.577954,-7.5998034,-6.697489
arctic_a0002(3).wav,female,307.29189352110654,-223.21605,76.63106,13.030855,24.331982,-9.96184,2.7455957,-15.885487,-10.147734,-10.035563,1.0316303,-6.388074,-4.8170743,-1.6099226
arctic_a0002(4).wav,female,258.9972484705534,-218.40196,93.822205,-6.022599,31.248732,-13.885097,4.033085,-14.255481,-10.312417,-8.656508,-2.0257409,-3.0863233,-0.15335858,3.0967298
arctic_a0002(5).wav,female,230.2493206510646,-251.15538,80.94644,-1.5140094,28.60824,-11.215088,9.019886,-7.778787,-13.803919,-3.3896213,-4.899955,-16.144901,-1.6230506,-11.362268
arctic_a0002(6).wav,female,290.1696897593611,-245.6314,104.00254,-5.9401274,27.859337,-17.749233,-3.436255,-26.286144,-12.194853,-15.832536,-2.9563363,-8.585357,-7.607384,-3.0319235
arctic_a0002(7).wav,female,240.00741776273713,-231.77324,98.46237,2.6778615,20.831818,-15.778307,3.8431773,-9.634976,-0.20723432,-7.6975827,2.8027093,-19.605854,2.6598773,-11.728251
arctic_a0002.wav,female,254.36427945114607,-240.87032,95.1589,2.6721008,24.27475,-11.101346,5.940975,-5.249266,-6.8015943,-3.2906396,-6.3926144,-10.733568,-3.1615674,-9.12854
arctic_a0003(1).wav,female,307.05581031721005,-229.37292,66.76376,-2.066769,41.329483,-26.238394,3.5183609,-22.422434,5.720079,-27.276672,-6.050445,-11.356006,-7.721597,-4.8416
arctic_a0003(3).wav,female,314.9111630612085,-203.8106,69.94172,16.50199,44.460438,-16.701536,-6.304931,-12.167166,-9.104905,-13.365313,-4.7789016,-5.2488894,-7.105172,-2.2334507
arctic_a0003(4).wav,female,285.0315660551162,-198.41185,89.81955,-13.017224,46.33796,-19.421665,-4.7972794,-16.609097,-11.03164,-8.8020315,-5.560583,-1.3500842,-5.7123556,2.8468506
arctic_a0003(5).wav,female,230.96488036007432,-202.36018,74.97908,-6.377026,50.672485,-6.9906697,0.6669631,-4.608298,-15.48231,-6.4776945,-12.2452965,-20.189165,-5.110646,-10.90051
arctic_a0003(6).wav,female,306.6752502707314,-239.65697,89.59476,-9.034427,48.153,-22.39117,-8.412961,-30.939434,-8.153132,-22.735668,-6.365822,-11.110401,-13.545523,-1.9764042
arctic_a0003(7).wav,female,272.80420970924627,-193.64133,73.55524,4.768977,32.35242,-21.263113,-0.25289765,-13.732711,-2.5519266,-12.174109,-3.6863956,-19.071795,-0.93962485,-14.742611
arctic_a0003.wav,female,254.9206693361154,-235.1776,83.338905,3.1093433,37.642197,-15.237626,-1.4052753,-1.842829,-4.2590103,-7.5792975,-10.979478,-9.898607,-4.0465083,-12.567834
arctic_a0004(1).wav,female,319.9414282881717,-258.9995,79.70889,-27.419416,43.88948,-27.44673,-6.322198,-23.453707,1.4126945,-19.343014,-6.2272267,-10.774804,-10.467792,-1.7353144
arctic_a0004(3).wav,female,312.77013974782267,-205.84467,89.908806,5.502655,22.80059,-12.21546,-1.5000561,-11.856094,-12.4033,-9.692596,-4.3916855,-4.9258986,-8.821781,-0.97604257
arctic_a0004(4).wav,female,275.7426407349477,-212.63852,84.804565,1.723905,33.468616,-14.30937,0.28269905,-13.804836,-14.963815,-12.442855,-7.003704,-2.6938863,-6.9465036,4.378254
arctic_a0004(5).wav,female,232.4075654780855,-240.50903,86.94408,-11.390955,30.83866,-9.810126,-0.957235,-6.862926,-23.82934,-6.8584423,-13.247889,-16.924225,-1.7482934,-14.888461
arctic_a0004(6).wav,female,303.4631514974216,-272.93814,94.744255,-17.13113,33.42581,-14.8892145,-11.594472,-34.85576,-15.065225,-19.37197,-5.503412,-12.816193,-10.93599,-3.963244
arctic_a0004(7).wav,female,262.7865625486374,-226.87093,94.13921,-2.9599595,22.702307,-22.070324,5.7353535,-23.482674,-5.894375,-10.008047,-3.0190566,-15.08213,4.7968335,-14.072562
arctic_a0004.wav,female,257.17130910448805,-246.05704,109.76687,-6.760648,23.99043,-17.23065,1.7589384,-6.2319174,-8.8896885,-7.4730253,-11.988274,-10.492327,-3.7141254,-8.445535
arctic_a0005(1).wav,female,328.3641158996222,-196.4458,85.247536,-22.96701,40.357105,-35.59391,-9.255446,-33.78899,-4.4796643,-20.438847,-1.6228466,-11.106075,-15.196149,2.055203
arctic_a0005(3).wav,female,310.68838494351183,-179.47969,100.51348,-11.54201,32.018036,-21.089209,-7.3463383,-20.638887,-11.294519,-11.208798,-11.776418,-0.09971061,-10.822296,-0.310796
arctic_a0005(4).wav,female,282.4416776365695,-208.58524,99.77159,-13.075313,36.953144,-16.266605,-1.0437533,-21.03354,-15.256903,-11.057417,-12.422453,0.08760242,-5.5205503,2.2682328
arctic_a0005(5).wav,female,247.26530475279512,-178.36124,101.407135,-27.82982,35.770554,-15.629261,-6.5170264,-5.4017553,-30.498795,-6.6446123,-16.639116,-11.466446,3.3937008,-13.87902
arctic_a0005(6).wav,female,328.56921636241685,-252.59346,89.40894,-8.626106,43.05651,-22.216337,-8.191574,-36.343548,-19.139704,-21.406193,-9.732664,1.7380928,-10.911138,-2.864216
arctic_a0005(7).wav,female,268.0098223490184,-181.51723,106.31364,-18.31355,26.846367,-22.7396,-5.733443,-30.678354,-1.7543151,-8.896592,-1.6448827,-11.220108,5.1409636,-14.037801
arctic_a0005.wav,female,262.473698702463,-229.11267,107.73386,-12.90285,37.04782,-15.666739,-2.9280422,-12.423409,-15.37479,-3.2555935,-11.37832,-3.8518748,-3.177712,-9.177948
arctic_a0006(1).wav,female,298.88774790632317,-272.09003,95.66913,-10.502379,26.272572,-13.2453785,12.830047,-20.506145,6.557615,-17.17934,2.7031717,-11.747763,-7.7700725,0.31249374
arctic_a0006(3).wav,female,283.4942535451722,-218.77885,108.5145,-8.932503,14.919541,-9.534867,2.3900683,-14.271853,-9.240623,-7.35783,-5.793703,-0.007373723,-12.8958025,-4.450088
arctic_a0006(4).wav,female,269.5104846815556,-225.53484,108.135284,-7.7275095,16.289543,-15.325132,8.604022,-16.79897,-11.103577,-5.3746996,-4.2778034,-3.6817517,-9.032932,-0.33492607
arctic_a0006(5).wav,female,244.39509193509647,-293.47284,90.6107,-14.22047,18.538452,-9.363423,7.5861917,-6.016556,-21.659597,-6.384632,-3.5750406,-12.179875,-1.7044979,-15.442555
arctic_a0006(6).wav,female,283.7189350345043,-261.821,115.792885,-4.2887163,17.499825,-21.449646,1.7251669,-27.65645,-16.968468,-13.147745,-4.3690963,-8.84484,-10.496507,-0.97021776
arctic_a0006(7).wav,female,266.43674826719524,-188.73099,104.79942,-15.02313,4.5592117,-18.014572,4.2196546,-21.865154,-1.474874,-5.727073,3.5478296,-19.986603,0.67058,-17.135908
arctic_a0006.wav,female,247.2079333028432,-230.63887,122.065865,-18.14595,8.289534,-10.948605,5.1822767,-6.686014,-6.2322435,-2.281411,-4.76635,-12.432512,-5.968703,-10.358774
arctic_a0007(1).wav,female,306.1766660875997,-218.09859,78.808235,6.9022536,46.52152,-18.124247,5.184613,-19.303066,2.485889,-27.80269,-2.8508937,-11.546444,-8.907325,2.8732603
arctic_a0007(3).wav,female,317.978473936605,-181.03006,78.326645,11.359484,43.170933,-13.76702,-3.3990371,-15.596871,-11.478385,-14.410144,-7.584556,-1.2362453,-9.242225,-1.9291221
arctic_a0007(4).wav,female,280.72757536100875,-225.32089,75.36347,6.733478,40.706196,-13.264185,-1.357149,-19.80989,-10.092225,-14.587286,-9.869625,-4.849902,-1.8174881,1.9808078
arctic_a0007(5).wav,female,243.42363861750562,-272.54144,76.2482,-7.828752,38.865204,-9.177422,0.6152433,-5.3785377,-23.342333,-9.744078,-16.03507,-15.364674,-0.0055515566,-12.503575
arctic_a0007(6).wav,female,307.6964017605594,-248.66696,92.673615,-0.38761947,44.082035,-21.014652,-5.1694846,-33.403664,-18.666338,-20.13674,-8.108349,-11.587445,-10.079065,-3.7705069
arctic_a0007(7).wav,female,269.33647806336603,-209.52849,83.874535,9.683311,31.226206,-21.020206,-1.0681305,-21.100348,-3.1314557,-14.462786,-4.3755975,-12.704369,3.5517385,-11.54811
arctic_a0007.wav,female,260.1612070761042,-237.44305,78.733665,17.74996,36.13405,-12.923308,1.4934627,-7.499823,-8.398151,-11.806004,-9.908505,-10.022798,-2.1070867,-10.274483
arctic_a0008(1).wav,female,319.26832572677114,-251.67932,62.924503,8.218775,44.47655,-21.134306,5.503942,-15.570552,6.234335,-20.554893,-2.946369,-10.553919,-3.9290109,-2.4449103
arctic_a0008(3).wav,female,311.4001625100209,-182.3731,75.991486,-5.0289965,38.913746,-18.403013,-3.7131155,-16.749716,-7.2939363,-9.18049,-3.997591,-6.1687503,-8.325222,-2.8274467
arctic_a0008(4).wav,female,289.37554591017795,-208.49501,84.67182,-24.838167,32.00205,-17.614487,-1.3819159,-17.320765,-5.432622,-7.1986494,-2.6519759,-8.062791,0.29026031,-0.5845352
arctic_a0008(5).wav,female,236.01052427674531,-272.27072,79.38958,-20.498226,43.60681,-11.449355,1.0814555,-7.5449076,-14.672617,-7.0830355,-11.014658,-12.716887,-0.064946994,-11.506875
arctic_a0008(6).wav,female,303.20445444524773,-262.3349,88.648994,-16.086985,38.541435,-20.889551,-13.237768,-34.075466,-5.379659,-17.313166,-6.3554707,-8.793213,-9.134162,-0.46496823
arctic_a0008(7).wav,female,264.0722232961643,-244.6158,81.23434,-10.192175,34.088646,-26.061884,4.441031,-20.785208,1.6511835,-7.3542356,-2.7739115,-20.664684,6.2028728,-17.01436
arctic_a0008.wav,female,259.3666794249603,-226.27937,85.289375,-5.423152,28.007298,-15.47489,-1.8149947,-5.6383123,-3.3631268,-4.907053,-8.399282,-14.807748,-1.5888782,-12.139716
arctic_a0009(1).wav,female,325.9351803016136,-247.36195,69.23688,-4.427617,45.17057,-20.547697,1.1847606,-17.104559,5.066983,-20.413628,-1.5551735,-13.391982,-5.763203,3.1082015
arctic_a0009(3).wav,female,291.72023075259,-190.74496,71.63815,22.210161,35.141148,-10.247123,-3.6556418,-14.695818,-5.28524,-12.636362,-3.375518,-4.241681,-2.148387,-4.647153
arctic_a0009(4).wav,female,288.88608164048776,-211.2243,83.98233,-11.988847,37.289665,-21.48319,-2.916138,-20.720104,-6.578939,-9.496515,-8.51109,-5.8652353,-3.0312176,-4.489205
arctic_a0009(5).wav,female,253.26841017698618,-223.96558,64.636734,0.39160553,40.694782,-7.629438,5.885402,-7.9816756,-14.684142,-8.146991,-11.707815,-11.829145,0.24680297,-10.900843
arctic_a0009(6).wav,female,297.4536054710009,-242.28983,85.56478,-2.5777526,38.64521,-14.391899,-9.314178,-29.766779,-11.8371525,-18.769047,-3.3351736,-10.476313,-8.959552,-3.547039
arctic_a0009(7).wav,female,272.2335493257127,-226.219,84.69374,6.5530796,24.886497,-21.135563,-3.969827,-18.799786,-5.1625776,-7.018663,-3.798406,-14.294174,2.6056275,-10.902267
arctic_a0009.wav,female,260.29604845259104,-239.30565,87.7572,10.508367,30.630356,-17.190544,4.353358,-4.9064465,-6.6261907,-3.7810152,-7.465906,-8.765721,-1.4557449,-8.91077
arctic_a0010(1).wav,female,334.72911549108545,-254.22275,70.91566,-4.7300844,43.71699,-23.126717,4.3710084,-23.003717,1.2523152,-28.319784,-2.6892433,-15.555891,-9.638384,-0.6531431
arctic_a0010(3).wav,female,318.63218911047414,-204.2013,85.41666,12.469597,35.149635,-14.598441,-5.7374,-13.932256,-11.8160515,-15.433362,0.5231549,-1.3650136,-10.9011345,-2.7253296
arctic_a0010(4).wav,female,311.6158877015478,-199.12495,89.13125,-19.376656,35.13793,-31.3901,3.2863317,-21.959896,-18.171896,-9.864216,-4.5760617,-9.105929,-4.3674726,-0.7654719
arctic_a0010(5).wav,female,235.9846616419278,-200.11482,82.92627,-5.7995815,37.33067,-10.690438,4.935503,-4.1973505,-25.364088,-10.533554,-15.0023,-14.679542,-3.331726,-13.363344
arctic_a0010(6).wav,female,320.14292695036147,-229.40324,90.3642,-10.999275,39.67466,-18.059694,-9.585851,-34.93955,-15.314266,-21.519318,-8.29688,-9.825524,-10.021748,-1.6018817
arctic_a0010(7).wav,female,258.73274027663007,-202.79433,96.555145,2.766049,17.13004,-18.4923,3.2130942,-18.630901,-5.195801,-10.958524,0.91737366,-19.480734,1.9671724,-16.49065
arctic_a0010.wav,female,259.8292152180008,-228.39865,99.862175,3.5424662,19.675688,-15.245057,4.4348116,-6.0436177,-4.777049,-8.965464,-8.226908,-8.294631,-4.5085635,-12.406378
arctic_a0011(1).wav,female,331.2547087169362,-240.46805,68.68865,-24.038124,46.480286,-38.96591,1.6675556,-20.372324,11.626649,-18.40947,-0.20479429,-11.856679,-9.2746725,1.1560867
arctic_a0011(3).wav,female,316.5246768416034,-191.58925,89.145164,-3.723327,41.408928,-16.663515,-5.972532,-14.587088,-8.005193,-7.722482,-4.3889337,-3.6913443,-7.6656895,-1.3978667
arctic_a0011(4).wav,female,319.05639121744804,-211.28621,98.092865,-40.653362,33.559196,-19.409807,-10.756343,-16.645891,-13.195323,-2.5554738,-6.514484,-6.014332,-6.690055,-2.1129744
arctic_a0011(5).wav,female,243.53489162614548,-246.92241,94.32124,-48.648586,38.046223,-21.194727,-12.443288,-8.819251,-22.33611,-0.26502705,-12.692938,-15.663156,-4.605883,-9.372025
arctic_a0011(6).wav,female,302.10330621017414,-226.02832,99.74773,-26.32985,37.94509,-28.651335,-7.9286823,-30.64629,-13.434151,-17.305853,-5.9286146,-7.562549,-11.966325,-3.3817558
arctic_a0011(7).wav,female,265.4977276996589,-218.93399,99.29975,-19.359142,18.653763,-25.282522,-2.7686172,-21.256165,-3.192767,-0.13105793,-6.054964,-18.807608,1.2432373,-17.855825
arctic_a0011.wav,female,252.94447867464132,-260.9902,110.501686,-18.332132,25.739777,-16.525133,-1.0265467,-5.6788416,-7.66105,0.92556673,-11.758517,-10.089446,-6.405598,-11.7063675
arctic_a0012(1).wav,female,321.2418535032535,-259.75848,48.623554,-5.2700353,32.20782,-14.884414,-0.6041355,-24.138021,6.925054,-20.981094,-0.6842792,-14.0773735,-4.1434197,-4.713192
arctic_a0012(3).wav,female,305.5361865358159,-188.07062,57.72945,24.497257,33.77747,-10.086539,-4.312826,-16.197145,-3.4501076,-15.152488,1.9648225,-5.3374248,-2.1413524,-4.8305306
arctic_a0012(4).wav,female,325.5820002882174,-223.41788,61.54281,-13.712152,39.832058,-13.996346,-9.770028,-18.596916,-8.003803,-8.373338,-7.572191,-4.3380504,-2.667333,-3.1311057
arctic_a0012(5).wav,female,240.54457771245927,-244.54646,52.286854,-6.0375113,42.341984,-5.7962584,-3.5731883,-16.215057,-17.217945,-8.765297,-13.404682,-16.249546,0.889456,-10.091076
arctic_a0012(6).wav,female,298.40862732534885,-246.40138,69.23907,4.638632,38.03965,-9.060794,-10.785488,-29.337774,-6.1499743,-18.443981,-4.933429,-15.033032,-6.567903,-6.8598094
arctic_a0012(7).wav,female,267.0113296781983,-204.60657,66.49366,2.6416001,27.617552,-16.03427,-6.8591256,-25.60997,-1.9319429,-11.960268,-4.0374746,-14.429961,2.9872677,-12.163727
arctic_a0012.wav,female,277.85521451639886,-245.30513,62.233444,15.7572975,33.17995,-11.591694,-1.908269,-9.457162,-4.061795,-9.812506,-10.416247,-7.0165944,-0.85814524,-10.734415
arctic_a0013(1).wav,female,310.8231783036993,-228.87991,65.77878,-3.8376663,36.89889,-20.184605,4.7463226,-20.273394,6.8129253,-21.9008,-0.13223831,-12.19447,-6.0931945,-1.89856
arctic_a0013(3).wav,female,304.9332523802651,-216.18616,78.24308,23.663307,34.505768,-11.0407295,-3.2897873,-11.020681,-10.543237,-13.421847,1.6624302,-7.251138,-6.4227576,-3.4014997
arctic_a0013(4).wav,female,299.54607372152236,-243.88599,74.20881,-1.7186013,37.242466,-18.423365,-6.358475,-22.610722,-11.020337,-10.411111,-6.022972,-8.337193,-1.4041902,-1.3828453
arctic_a0013(5).wav,female,238.23800125784047,-237.22575,69.35094,-4.5854344,39.141376,-11.362549,-1.5515355,-10.039916,-20.57137,-4.5032873,-15.611339,-17.356287,-3.184779,-8.589426
arctic_a0013(6).wav,female,308.47288456600995,-238.86066,93.94292,-7.8647866,33.818237,-21.863472,-7.1488876,-27.454016,-11.258995,-16.964014,-1.3630301,-14.960663,-6.413101,-6.743979
arctic_a0013(7).wav,female,269.6404363771,-206.93922,84.28752,2.1260362,25.172174,-23.644226,-1.9293412,-18.177938,-3.5086842,-10.830344,-0.30646244,-20.750711,3.9360714,-16.098186
arctic_a0013.wav,female,265.816884439624,-246.95987,78.123825,7.002991,36.059795,-15.646335,0.18946782,-7.0764275,-5.5541983,-8.954019,-10.54314,-11.728807,0.20368482,-12.83561
arctic_a0014(1).wav,female,291.47077189418076,-240.16603,64.77375,-3.32855,33.903446,-14.655994,8.942892,-19.125927,4.736644,-20.258677,0.667482,-15.014163,-5.1503353,0.4953785
arctic_a0014(3).wav,female,297.2042288913109,-213.6335,87.839745,13.147807,27.90159,-4.4257283,-1.1030202,-14.992811,-11.158443,-12.006616,0.3668362,-4.3147874,-6.4834123,0.43646264
arctic_a0014(4).wav,female,270.92880921328737,-242.67908,90.70607,-9.155327,39.44363,-15.297028,0.7734149,-19.00351,-11.759063,-6.377009,-3.058801,-6.1926756,-2.0994854,0.41747642
arctic_a0014(5).wav,female,223.12985561624205,-262.41235,70.62528,-8.935781,36.031017,-11.947299,6.4420466,-13.21983,-19.402428,-6.178925,-19.80165,-12.488164,-3.919423,-8.468839
arctic_a0014(6).wav,female,314.81495118386033,-256.57092,83.45323,-9.69662,43.183884,-11.768487,-14.538838,-30.456665,-16.015715,-18.265217,-2.8076448,-14.989086,-8.725365,-4.098941
arctic_a0014(7).wav,female,262.77281285598605,-190.19595,82.765465,-2.2000313,23.998009,-18.969225,0.35482973,-23.906618,1.4945266,-5.4835725,-7.6227894,-18.126137,3.8624287,-16.045858
arctic_a0014.wav,female,257.25662400459976,-245.31834,85.552986,4.7093024,30.81847,-9.61903,-2.3644433,-9.978386,-1.4064945,-5.8350406,-10.119874,-9.715676,-2.584101,-12.411692
arctic_a0015(1).wav,female,315.2385224005397,-197.39131,61.253963,-22.594456,33.4353,-33.084538,0.015729595,-23.280901,-1.7145534,-20.120478,4.697158,-8.891857,-7.6916785,-0.69471157
arctic_a0015(3).wav,female,315.91646573909964,-193.03416,102.26774,2.7636707,12.885652,-11.630019,4.559177,-15.7359495,-10.547395,-9.759616,-8.483451,-0.09012536,-2.0713437,-6.2810464
arctic_a0015(4).wav,female,294.02788299349396,-181.95187,79.64256,-17.702374,5.6715665,-19.289278,4.4678855,-26.578024,-8.048276,-2.9868915,-9.145037,3.7829692,-2.7918115,0.6292933
arctic_a0015(5).wav,female,233.83848035051236,-195.03032,82.524635,-14.867589,3.795682,-2.360663,2.2524188,-7.3048453,-21.09955,-3.8059797,-10.465283,-8.519296,5.354832,-13.12471
arctic_a0015(6).wav,female,305.1742440505195,-212.29253,96.22838,-13.721345,28.04294,-27.871157,-8.882346,-28.469385,-15.06066,-23.604687,3.0872588,-11.838632,-8.711666,-6.2381105
arctic_a0015(7).wav,female,262.75854265502375,-202.6903,82.71365,-11.670742,1.3411051,-15.144976,4.766586,-28.596676,3.3057659,-7.331454,-1.5999998,-8.028411,6.0365267,-10.741681
arctic_a0015.wav,female,260.6158796062729,-257.57632,107.25707,-18.084072,22.77373,-18.097256,-2.6583495,-5.4314613,-14.725996,-2.6432297,-11.662109,-5.267787,1.0308622,-10.841826
arctic_a0016(1).wav,female,301.23583884973345,-250.12883,52.01129,-2.1838715,35.370857,-15.687337,3.377086,-19.93991,10.218157,-13.421619,0.61804247,-8.905531,-2.612658,0.33907068
arctic_a0016(3).wav,female,311.16849366489737,-202.02716,73.29943,13.346821,27.474247,-12.389319,2.8141172,-18.24126,-7.874327,-8.3042345,-0.94998163,-3.5481913,-4.954487,-1.5291734
arctic_a0016(4).wav,female,320.9262718375114,-249.02705,69.802055,-8.493526,30.90059,-11.042699,-2.0849743,-17.971634,-11.041234,-1.573347,-3.9877577,-3.0096555,0.46472523,-0.6245175
arctic_a0016(5).wav,female,253.27246207921698,-292.3723,61.53286,-11.879315,31.237871,-11.91778,2.8701394,-9.605078,-20.611444,-2.561913,-7.0351195,-12.851267,0.46807635,-8.562936
arctic_a0016(6).wav,female,316.31250605718725,-271.55835,68.17347,-1.6687174,36.25608,-12.019763,-12.474998,-26.91204,-10.940153,-11.859334,-2.4175248,-13.397808,-3.061798,-7.1284494
arctic_a0016(7).wav,female,270.3719594064037,-212.23747,79.84941,-5.866632,20.36673,-23.72075,2.602938,-22.216314,-5.640304,-5.882967,-2.941277,-16.643847,4.0378504,-15.5807905
arctic_a0016.wav,female,253.91915919414788,-242.97432,89.81657,-0.75899345,28.951954,-17.263874,1.2298049,-9.035042,-12.388629,-1.6619935,-8.029232,-9.629363,1.8090503,-9.655414
arctic_a0017(1).wav,female,319.42693795951374,-255.9619,59.044407,-4.1845117,40.79729,-24.725504,5.970369,-23.054983,9.048333,-21.057327,0.3287773,-11.916356,-2.9406664,-3.897608
arctic_a0017(3).wav,female,304.92563808750344,-224.01962,75.69391,24.397083,31.88582,-10.743391,-1.0927373,-10.324287,-9.878075,-14.548462,-1.6266516,-6.665734,-5.004607,-6.138425
arctic_a0017(4).wav,female,327.3296228341165,-202.65176,70.14081,-8.214169,37.229008,-20.282497,-6.723976,-25.22108,-16.604088,-10.706122,-3.9290245,-7.562611,-1.4754833,-5.5871267
arctic_a0017(5).wav,female,234.49599021577615,-257.61295,65.343735,-4.569902,41.958385,-13.795798,4.786594,-8.830631,-22.969467,-9.386525,-14.483073,-16.2615,-0.26544735,-11.710631
arctic_a0017(6).wav,female,298.69499091394226,-252.42831,82.94162,-1.1419169,43.301968,-13.226593,-12.414367,-25.745256,-11.760572,-15.614787,-6.687177,-13.454019,-5.875915,-6.060635
arctic_a0017(7).wav,female,262.51532848053665,-190.8878,77.12818,7.6217904,27.21623,-21.391579,-2.8768497,-16.52462,-7.1805887,-13.415671,-3.2253628,-18.15116,1.5477351,-15.334293
arctic_a0017.wav,female,260.20334520234303,-231.11215,74.627174,11.091364,35.342102,-17.73351,1.4272417,-3.6742964,-8.088488,-6.51884,-9.648528,-11.168925,-1.5966761,-13.575455
arctic_a0018(1).wav,female,333.35089648618197,-209.66335,49.57385,16.48641,22.362566,-27.934612,18.337715,-18.777782,7.9082074,-23.009323,0.583141,-15.462139,-1.8987718,-7.974826
arctic_a0018(3).wav,female,292.3817659107058,-213.95872,76.09914,25.422333,32.754192,-17.171097,1.7001303,-10.511216,-9.23731,-12.508003,-2.8280537,-6.880359,-3.6089046,-6.6907787
arctic_a0018(4).wav,female,301.48737161059137,-176.05011,75.50132,-16.055347,41.11888,-22.568993,-6.4645405,-20.64019,-18.992893,-4.140085,-1.3841718,-9.410921,0.7587076,-1.9760351
arctic_a0018(5).wav,female,238.77234287636642,-206.88322,78.163445,-7.5534244,46.890385,-12.894746,7.937969,5.1289563,-19.89262,-3.7561007,-13.1423855,-13.649582,-3.3622692,-7.0277634
arctic_a0018(6).wav,female,290.5518498916223,-209.47437,76.43944,4.2660675,39.640984,-24.85139,0.8816789,-20.481018,-20.347706,-17.390167,-7.2983384,-17.22623,-8.175063,-13.51637
arctic_a0018(7).wav,female,262.8584378474453,-232.14134,81.84027,8.5797415,22.178038,-21.912611,5.333248,-10.383384,-7.9985905,-8.134835,-3.5615826,-22.274132,5.197043,-18.017664
arctic_a0018.wav,female,256.3264901684987,-245.15356,72.0339,4.3086553,30.457346,-15.695056,5.4928966,-2.3326106,-5.1945453,-1.7841498,-11.257912,-10.387099,-1.5950845,-11.846181
arctic_a0019(1).wav,female,311.6858907217075,-196.54842,75.43259,-2.652102,36.834824,-15.456889,10.982122,-22.84604,6.857444,-16.079626,-1.3723519,-14.965443,-0.41709965,-1.4304162
arctic_a0019(3).wav,female,300.6512799426975,-226.29251,90.88849,12.614502,21.941692,-7.946852,5.8879046,-15.051299,-13.342119,-11.972003,-2.2119536,-6.086202,-6.1974664,-4.076011
arctic_a0019(4).wav,female,294.7927897384044,-201.30296,95.952095,-7.818005,20.800879,-15.534102,3.8998919,-25.6381,-15.566874,-4.52136,-0.22540627,-8.036436,-1.6482313,-2.880205
arctic_a0019(5).wav,female,245.70754793509997,-288.38043,69.49615,-9.896564,26.007147,-10.935005,10.545088,-13.822459,-25.625313,-4.415156,-9.324083,-14.911651,-2.8027112,-9.511613
arctic_a0019(6).wav,female,299.34078751634064,-238.1225,100.18715,-3.7082376,29.652285,-18.25035,-2.8536553,-29.126135,-18.05106,-15.352015,-4.957946,-15.75884,-7.9253745,-4.840677
arctic_a0019(7).wav,female,258.9055801244337,-238.01802,93.60773,-4.126784,10.425949,-12.961311,5.862926,-24.311174,-6.984546,-6.9170885,1.2372513,-16.921757,3.3065295,-14.738273
arctic_a0019.wav,female,255.67044722577992,-251.06331,96.1718,0.8558272,21.51367,-14.895967,8.357482,-10.654917,-11.46552,-4.2252784,-6.4408383,-8.85753,-1.0916492,-11.468098
arctic_a0020(1).wav,female,323.21381731459775,-262.79504,67.94178,10.076658,35.55184,-11.38322,5.9457207,-14.009882,4.084964,-18.152933,-2.9786048,-11.26567,-4.442501,-2.0109587
arctic_a0020(3).wav,female,288.3936057574257,-223.76485,79.598915,33.801395,24.334072,-4.857245,3.1181521,-14.799539,-9.9099045,-14.6050825,-4.1787834,-7.057181,-6.16441,-4.8023734
arctic_a0020(4).wav,female,296.94250332085704,-238.93562,74.18674,7.082086,35.794926,-19.160273,-3.6785579,-21.91119,-12.066667,-13.349116,-6.127666,-7.3710823,-3.5035465,-4.247689
arctic_a0020(5).wav,female,229.30861969920215,-242.97696,76.17185,12.179308,33.8565,-7.4183335,5.9571347,-8.965249,-20.992662,-10.913983,-16.619926,-19.151566,-4.572429,-12.411659
arctic_a0020(6).wav,female,297.36137192477076,-226.5234,88.129486,6.0619707,39.003395,-12.935853,-6.130734,-25.525026,-13.953473,-17.05006,-5.368693,-17.00244,-10.481006,-5.484112
arctic_a0020(7).wav,female,259.99616076094384,-253.02464,76.573944,12.426135,18.107237,-11.300372,3.2215424,-17.943064,-4.5813613,-13.286517,-2.4440544,-18.612574,6.075757,-13.049402
arctic_a0020.wav,female,259.2628412213364,-255.06125,85.344734,12.805191,31.85568,-16.099888,5.647241,-7.2968593,-8.706906,-7.674402,-11.665495,-10.439434,-2.4697518,-14.161522
arctic_a0021(1).wav,female,323.9420718233906,-190.31267,64.807846,-2.518236,47.786892,-27.666504,-0.31334543,-21.861603,5.8338437,-22.92031,-4.785947,-9.592675,-3.8477874,-2.3797033
arctic_a0021(3).wav,female,306.7267765955889,-221.8518,84.23514,11.764487,46.602444,-12.164059,-5.8312087,-11.223956,-4.499764,-15.366425,0.032731004,-1.443022,-5.028454,-4.048423
arctic_a0021(4).wav,female,288.1282339099794,-206.82669,85.14149,-15.544755,41.078636,-19.553137,-13.271643,-21.39929,-7.2155013,-7.3617287,-9.805664,-1.4424596,-8.039737,-2.2944825
arctic_a0021(5).wav,female,245.91575840842975,-223.04556,80.54086,-14.7129545,48.764114,-16.040499,-1.593774,-9.115748,-20.765282,-8.891126,-17.280693,-9.637722,-4.2267847,-10.05851
arctic_a0021(6).wav,female,329.48794966896287,-210.86514,87.15702,-6.534326,58.4563,-19.227915,-18.717167,-27.469976,-10.928355,-19.458475,-5.9337654,-7.793673,-10.68251,-4.0211577
arctic_a0021(7).wav,female,265.6811513699041,-257.59894,88.87042,-2.059755,35.021973,-17.65148,-7.666556,-16.440744,-2.3583827,-8.162465,-3.6312633,-13.272545,3.021284,-14.041649
arctic_a0021.wav,female,262.4284522838158,-237.63335,95.85884,5.331296,43.094124,-23.689556,1.98434,-7.085669,-6.2358828,-11.617712,-7.722308,-5.160678,-5.19046,-10.805148
arctic_a0022(1).wav,female,296.7772855291635,-196.7882,77.297264,-5.906279,38.372375,-18.665241,9.402597,-20.072802,9.691397,-11.269506,-0.3119532,-10.718116,-3.49171,-2.987365
arctic_a0022(3).wav,female,303.8790288453711,-216.01704,101.09077,4.489533,15.746654,-6.922709,4.347926,-12.715373,-7.653846,-11.630332,-3.1387851,-4.7603097,-3.5020223,-6.205995
arctic_a0022(4).wav,female,279.6796030383958,-221.7537,104.44647,-12.70247,20.584543,-15.402688,5.400751,-21.522068,-8.592859,-6.8606844,-8.711455,-4.4836802,-4.4604034,-0.28307387
arctic_a0001(1).wav,male,180.37279848428378,-208.47383,81.69353,8.347332,33.470406,-23.482552,2.6335247,-6.3662205,-20.187248,-13.512328,0.7038297,-16.539557,8.682663,-9.087898
arctic_a0001(10).wav,male,124.56296360578528,-224.63206,100.74636,11.759435,28.761423,-9.225508,8.308635,-6.424655,-13.548206,-13.85657,2.2958157,-6.400391,3.126511,-10.412417
arctic_a0001(11).wav,male,211.77850084166158,-222.64824,81.533966,12.659034,34.629845,1.1205221,-2.8166692,-22.44314,-15.070068,-8.60658,-2.2159631,-14.986473,5.5672708,-11.539523
arctic_a0001(2).wav,male,156.25393751865582,-206.52165,82.07682,6.0539217,28.902948,-11.228066,8.8596945,-17.281748,-5.611539,-9.774378,2.8946483,-12.133386,2.5023696,-10.425302
arctic_a0001(3).wav,male,196.74162633440466,-199.635,55.981075,10.6847,45.227222,-7.4242797,6.7581635,-10.962595,11.554679,-11.967135,3.4114795,-10.246236,5.7991676,-6.526811
arctic_a0001(4).wav,male,181.82923687060733,-197.4875,100.30466,-6.4314833,41.76894,-4.9434323,-1.651311,5.195707,-8.80866,-0.04734905,-4.6646833,-4.342907,-0.40964767,-0.8543515
arctic_a0001(6).wav,male,154.39776235991818,-284.34644,91.50744,33.957108,22.501795,-0.27112785,10.417645,-3.6641653,5.6706133,-6.6937895,8.744078,-7.2631865,4.664315,-5.52104
arctic_a0001(7).wav,male,174.02252041852947,-186.86794,65.98428,16.105267,37.801254,7.654788,0.3791171,-23.684221,-4.1261907,-14.2892275,8.266252,-17.656948,8.1859255,-4.7057214
arctic_a0001(8).wav,male,169.7449612072097,-221.76096,89.289986,17.179089,48.761723,5.5917926,5.719145,-16.370838,-1.7400638,-5.8475666,-3.7285156,-3.4932675,-2.043998,-0.6706393
arctic_a0001(9).wav,male,152.495740017364,-222.6263,91.94508,-0.4173809,33.317486,-10.431433,6.1247463,-5.5630064,-9.215608,-16.114223,8.329176,-11.895755,1.2784967,0.9809238
arctic_a0001.wav,male,180.19347823916897,-203.95984,101.228584,-6.044862,40.52,-4.9021344,-1.3054463,5.7637677,-8.405338,-0.09531532,-4.130035,-3.9867904,-0.34564915,-0.569199
arctic_a0002(1).wav,male,174.07872963838403,-205.95671,101.99175,-9.296559,36.87817,-22.305721,3.157959,-6.0197496,-18.056944,-12.049144,1.5818995,-17.653225,5.3922124,-9.227024
arctic_a0002(10).wav,male,126.93919986479821,-219.63245,103.91212,11.552412,31.733902,-6.961334,5.210448,-1.4003272,-9.741402,-9.639412,2.7139337,-8.767285,4.6817436,-11.025139
arctic_a0002(11).wav,male,215.13827128611294,-225.60417,98.04791,19.013628,31.298853,3.2941473,2.490463,-16.127878,-16.033884,-4.2065854,-2.032304,-15.696408,2.5294802,-11.989827
arctic_a0002(2).wav,male,151.0027729668455,-201.95119,98.87766,-0.36770883,28.340128,-7.8743234,12.643961,-16.036566,-1.3108519,-12.457091,-3.1115801,-5.3571343,-0.9755573,-12.779664
arctic_a0002(3).wav,male,200.84365236653787,-211.18599,72.141556,1.2555639,38.84598,-12.915877,8.727519,-7.1013904,5.0498595,-8.050475,8.065379,-8.944464,3.6803792,-5.1538167
arctic_a0002(4).wav,male,175.54882245842063,-245.4549,122.1826,-9.154142,40.16441,-9.276752,-2.4409294,12.474036,-6.2301216,0.6571545,-0.05178577,-7.3205547,2.5359325,0.6156293
arctic_a0002(6).wav,male,150.58176333332753,-267.88614,98.98746,24.588642,28.083012,-5.002836,12.97015,-3.425836,4.626888,-6.5122685,10.816976,-5.400964,0.7809477,-5.497298
arctic_a0002(7).wav,male,170.2533167040043,-208.42087,84.98146,16.44042,25.186342,4.1684284,4.2265744,-20.175838,0.7977213,-17.756277,9.534428,-12.527577,5.0782847,-2.3507345
arctic_a0002(8).wav,male,170.2802010365759,-235.19844,111.18356,7.300155,39.639904,4.667656,12.182523,-17.13617,1.269408,-7.912772,1.5956242,-8.815939,-0.6419093,2.2411575
arctic_a0002(9).wav,male,143.9446372695451,-235.70886,104.6768,-2.8802242,39.563667,-9.070482,12.813733,-2.0980723,-5.6133904,-13.297793,3.3534348,-6.006791,-1.9084615,-1.6388161
arctic_a0002.wav,male,174.94370645570444,-245.73926,122.45644,-9.023419,39.64449,-9.170021,-2.724817,12.538955,-6.0945177,0.7449773,-0.07134982,-7.271977,2.6929905,0.7081769
arctic_a0003(1).wav,male,180.55231871287796,-198.10777,84.497375,5.1254573,50.114334,-15.77428,-4.9298444,-6.7823925,-12.3896475,-11.713244,-1.0987729,-17.55787,4.803223,-11.660677
arctic_a0003(10).wav,male,141.04772879675713,-188.99178,86.55501,1.6441942,45.190956,3.063493,2.4522703,-5.5157595,-8.771193,-10.86617,-5.482302,-11.254849,3.6949606,-13.217532
arctic_a0003(11).wav,male,212.88261790582655,-221.96313,88.58171,16.227772,42.418396,8.417145,-5.3374186,-15.758464,-11.083397,-1.1008507,-1.9617033,-16.53021,3.6046915,-12.570484
arctic_a0003(2).wav,male,153.7622455087304,-187.3617,82.77014,-2.3827019,47.077698,-8.775191,4.191409,-10.382816,-1.2200114,-9.550531,-9.826414,-5.6447396,-2.0826087,-14.3382015
arctic_a0003(3).wav,male,195.7804177742902,-214.2099,60.65345,3.41735,50.872265,-13.479766,8.292932,-4.6621284,9.144392,-8.245893,4.3083324,-12.6253,3.4472106,-8.310338
arctic_a0003(4).wav,male,173.05273717800654,-221.0825,110.30107,-15.597839,55.934704,5.6341853,-5.956443,8.022027,-4.2494054,2.6811924,-2.2971556,-9.08419,-3.7207243,-5.1961102
arctic_a0003(6).wav,male,155.11418193832307,-259.15976,98.03683,28.697447,42.733456,3.7550893,10.727138,-6.3417115,7.4800873,-4.435906,3.9047205,-4.840452,-0.36970368,-6.220567
arctic_a0003(7).wav,male,170.43818762507715,-223.33873,85.52809,12.565487,33.67763,8.762831,-4.8754525,-17.06365,-1.0283953,-16.062286,13.51337,-17.57866,4.2020674,-5.2523494
arctic_a0003(8).wav,male,184.71571089293445,-241.8933,97.47772,11.779836,48.892345,4.886328,1.6855763,-12.559762,-0.022973392,-3.0871334,0.17504413,-12.15449,-1.4144008,-4.7827225
arctic_a0003(9).wav,male,154.17568264765336,-203.42651,95.05201,-6.8831687,54.293514,6.5335913,-1.1638132,-5.0063353,-2.9396412,-19.536552,5.30299,-15.905856,0.4785085,-4.7832556
arctic_a0003.wav,male,173.36059113106953,-221.8384,110.03958,-15.307601,55.736294,5.6161013,-5.5723243,7.9843745,-4.317319,2.639209,-2.2358186,-8.887529,-3.5801818,-5.3391666
arctic_a0004(1).wav,male,164.223420177527,-194.36783,99.349,4.7482505,44.496407,-24.518202,-7.752422,-2.825403,-23.876038,-13.595647,-2.190597,-19.81363,6.6787863,-13.132676
arctic_a0004(10).wav,male,132.53875516632635,-231.60216,113.0391,9.272942,27.263027,-8.274773,7.062628,-7.901808,-12.6845875,-10.683971,-6.028204,-8.698339,4.0425773,-13.842419
arctic_a0004(11).wav,male,230.23276166443222,-216.60202,100.102135,7.168074,33.205044,-2.884332,-4.9879627,-21.797527,-18.356594,-1.747698,-12.528837,-10.053678,-0.71318036,-14.961384
arctic_a0004(2).wav,male,163.19434065932512,-202.92993,103.84447,5.518238,35.371773,-13.794818,5.1922235,-14.025889,-9.229062,-13.071658,-10.300081,-11.943914,-2.6418254,-14.451452
arctic_a0004(3).wav,male,207.18994753597858,-224.09525,73.41325,1.045496,33.940517,-13.569404,12.334146,-8.80287,2.5639133,-11.433789,0.7135266,-7.988201,1.1142997,-7.293243
arctic_a0004(4).wav,male,167.3032873050691,-202.28236,126.82252,-13.473923,46.49159,-4.332843,-6.509069,10.076914,-10.435527,-3.3767564,-1.3063116,-9.49839,3.520401,-1.7380747
arctic_a0004(6).wav,male,143.48892082340217,-265.856,109.38644,36.88944,34.986923,-0.6514281,7.1557293,-2.8192415,2.0518887,-4.3611493,5.757251,-6.6567764,-0.5988193,-6.426392
arctic_a0004(7).wav,male,166.14393836620815,-228.86623,101.27344,0.3998234,36.356846,6.5663686,-1.6330074,-10.997459,-4.4628177,-20.919376,13.436426,-14.171305,-0.9889148,-6.558972
arctic_a0004(8).wav,male,178.4445600775633,-210.15048,111.85683,-4.790557,41.98867,-0.8919934,9.34532,-18.936499,-13.536686,-2.0768943,-5.6055727,0.100828595,-7.9625864,-4.35118
arctic_a0004(9).wav,male,153.805052011249,-237.78175,103.737,-11.402722,42.294228,-8.2684965,-1.1941844,-0.7955368,-12.384079,-17.941196,1.8882685,-11.385925,-3.4881094,-3.7467961
arctic_a0004.wav,male,166.04941370489303,-207.65791,126.64651,-12.395986,45.87612,-4.6253247,-6.0172744,10.20814,-9.947195,-3.1260486,-1.253658,-9.42688,3.6843498,-1.5438123
arctic_a0005(1).wav,male,176.213998359313,-196.07141,107.67701,-17.708336,40.78818,-20.21224,-6.441283,-10.057863,-28.647486,-12.941149,-6.7451844,-13.533549,0.72133625,-9.369147
arctic_a0005(10).wav,male,141.40176841480192,-202.23068,137.1416,7.781923,28.482258,-0.7719688,5.331873,-14.059796,-13.593487,-12.427705,-11.515079,-5.067046,-5.827739,-7.6364136
arctic_a0005(11).wav,male,232.57312308412017,-200.52121,107.38141,-4.260887,40.532642,4.438554,-3.5852115,-26.696728,-22.74369,-6.9095716,-16.882135,-8.223586,3.164528,-17.115028
arctic_a0005(2).wav,male,162.48474057028307,-172.76299,108.277916,-11.385678,41.81911,-5.866239,3.549188,-18.349726,-16.858858,-7.702681,-14.999801,-11.565676,-2.3874018,-15.872297
arctic_a0005(3).wav,male,209.34937488481242,-212.43948,76.566734,-11.330789,49.37142,-13.780463,-4.9375997,-10.521599,2.8916223,-24.637827,-5.6720033,-5.0215716,-1.3009181,-11.663629
arctic_a0005(4).wav,male,179.97670639437126,-181.2315,130.67119,-25.52798,45.441776,-2.2209203,-9.316442,6.68363,-15.862068,-0.69442177,-2.043797,-5.4459696,3.702061,-2.687907
arctic_a0005(6).wav,male,163.89555331655353,-191.53366,122.471,10.920094,27.752132,4.027278,9.037249,-6.234794,-8.349916,-9.659416,1.1028938,-3.3047817,2.5759013,-15.083923
arctic_a0005(7).wav,male,177.98104032205742,-207.12428,93.012276,5.1298366,53.771015,9.525134,-4.2144012,-13.812074,-8.903198,-22.278261,4.928491,-13.303647,5.192074,-6.0912123
arctic_a0005(8).wav,male,186.55254151903713,-228.21103,116.120094,-11.196276,52.312263,19.00544,-3.265424,-20.772005,-15.765083,-6.7879252,-10.689036,-1.9430525,-4.6726437,-6.383471
arctic_a0005(9).wav,male,159.0910373237791,-199.18721,118.72682,-9.763382,40.550705,-7.2015038,-1.803712,-6.1803937,-11.781643,-19.39763,3.0458906,-13.723119,4.3997774,-7.1546907
arctic_a0005.wav,male,179.97675822557562,-192.74413,128.83519,-23.841022,44.671043,-1.4591041,-8.410911,6.9221163,-14.778812,-0.3088588,-1.7016778,-5.093144,3.5190322,-2.3329673
arctic_a0006(1).wav,male,172.00753918545223,-203.12077,110.7113,6.975879,16.825378,-26.83754,-1.3249451,-3.108122,-18.375246,-20.601744,5.9375205,-19.072678,6.3893065,-14.2049465
arctic_a0006(10).wav,male,129.6619691428485,-242.94138,123.39066,3.7970188,23.980469,-5.813807,11.74232,-4.826615,-11.030158,-13.841733,-4.581637,2.1738605,-2.1866806,-9.152666
arctic_a0006(11).wav,male,216.017389810843,-202.18279,108.160904,8.531737,19.14645,-4.729434,3.059058,-16.7208,-15.294784,-7.2077665,-5.8825703,-9.227064,5.4600754,-12.413051
arctic_a0006(2).wav,male,169.57761654649133,-213.72691,105.3785,-6.1569505,17.742657,-19.699818,15.676039,-9.016463,-10.213262,-10.759163,-4.34792,-5.664143,-3.1248283,-17.284296
arctic_a0006(3).wav,male,204.6740300875701,-193.69427,81.515945,4.792503,22.443464,-15.248326,11.995692,-7.379328,6.013292,-6.7994757,1.2989186,-6.337779,3.168756,-8.130611
arctic_a0006(4).wav,male,171.4979784546789,-215.28499,136.14368,-13.753174,33.949577,-10.836996,-4.4282637,11.470999,-11.1749735,-1.1604233,1.4005584,-3.8632278,1.5079056,-2.6625147
arctic_a0006(6).wav,male,150.68139850756882,-283.8879,115.373344,39.306667,18.765888,-0.75206184,11.47725,-1.570494,1.0616477,-8.570286,7.5620637,-4.6721826,-1.0991981,-8.485953
arctic_a0006(7).wav,male,168.5363471491041,-233.59393,105.79851,14.033988,12.861095,9.573525,-1.6317536,-13.248757,-2.438171,-21.082588,13.339293,-15.981794,6.60931,-8.682784
arctic_a0006(8).wav,male,175.75830464192492,-258.48492,117.8349,4.4914846,28.975765,0.6890843,9.481561,-14.487548,-7.3839684,-3.3666458,-5.0149646,3.4763372,-8.215661,-3.3406963
arctic_a0006(9).wav,male,152.79167507377454,-243.39232,110.160286,-4.8063145,28.426527,-10.90961,5.131531,0.82774335,-9.711675,-21.80843,4.736234,-6.6120095,3.4868302,-5.499983
arctic_a0006.wav,male,172.03195666499215,-215.25705,136.06863,-13.7980585,33.900864,-10.868889,-4.1993275,11.462436,-11.155232,-1.2810102,1.4040542,-3.6878412,1.606142,-2.979787
arctic_a0007(1).wav,male,183.15635142469176,-243.63405,79.364845,11.555375,52.49372,-17.821232,4.1659436,-9.137993,-17.753647,-15.180121,-9.147293,-20.251568,1.9024532,-11.54541
arctic_a0007(10).wav,male,138.42536197157042,-237.4676,106.975365,16.90245,40.666985,-3.752499,8.169057,-8.140042,-15.148266,-14.078813,-5.8881974,-10.687625,-2.4634938,-9.653257
arctic_a0007(11).wav,male,238.60926422931013,-211.19595,83.208984,21.79585,43.28864,1.0353991,-3.5672379,-24.005293,-16.8981,-8.670327,-11.994658,-14.879572,-0.11103538,-17.663664
arctic_a0007(2).wav,male,159.01338564501793,-199.44846,83.55959,10.662245,46.981968,-11.901867,8.0870695,-16.358654,-9.66188,-11.186964,-10.639522,-10.248552,-0.8042733,-13.755318
arctic_a0007(3).wav,male,207.17140397903302,-207.97495,63.44126,8.283342,50.403847,-15.680645,1.8714843,-7.8281193,6.0495906,-14.607675,-1.4703972,-12.514324,2.1232073,-9.027406
arctic_a0007(4).wav,male,170.86100920719403,-207.4137,110.90639,-3.1093738,49.046513,-5.613051,1.965598,8.938799,-13.066245,2.562755,-3.4552565,-8.288941,-0.8352083,-6.2760777
arctic_a0007(6).wav,male,152.80490833907334,-240.09889,106.41506,39.35381,45.267864,3.8636892,10.344044,-6.3784375,1.1754041,-5.707776,1.0249231,-8.753919,-1.1978309,-9.1598215
arctic_a0007(7).wav,male,176.9213770730625,-191.39932,86.02296,18.698685,41.28769,8.554685,-3.9725988,-14.670746,-5.2941575,-23.23947,7.7947664,-22.00572,3.5106313,-11.7074995
arctic_a0007(8).wav,male,188.93186429858764,-217.17342,91.14963,15.868973,57.813824,1.8559538,5.76394,-14.046639,-9.869491,-8.739926,-8.660205,-9.476864,-2.0677803,-7.307701
arctic_a0007(9).wav,male,155.58724379979012,-219.13919,99.10712,2.8550653,54.657696,-1.1513923,2.0135756,-3.920573,-11.614746,-16.012878,0.6466815,-18.569252,-3.4919446,-5.745683
arctic_a0007.wav,male,170.78850903573704,-207.41177,110.90269,-3.107721,49.05253,-5.6193066,1.9726421,8.93251,-13.0553055,2.557866,-3.4560912,-8.291652,-0.83781046,-6.2715645
arctic_a0008(1).wav,male,166.0385693919524,-175.38931,91.95642,-5.089117,47.85099,-27.713978,-4.279476,-8.066372,-19.195484,-10.8036,-4.693653,-16.888552,6.3505898,-14.745304
arctic_a0008(10).wav,male,132.14327885667205,-218.42746,110.103195,-2.4767182,36.333862,6.363223,4.408122,-15.032313,-9.393753,-11.672602,-3.1124864,-4.9740996,-0.8701297,-10.268723
arctic_a0008(11).wav,male,238.76898347763176,-195.23988,100.99006,1.9169562,43.89427,4.246226,-19.86378,-22.79157,-13.071239,-3.1376162,-4.3024144,-12.062246,4.686728,-17.373493
arctic_a0008(2).wav,male,179.80471553024765,-195.0046,91.02522,-11.701671,40.110638,-10.555827,7.590529,-14.490901,-6.9995,-7.8419,-10.229542,-9.308024,-4.345015,-14.867663
arctic_a0008(3).wav,male,210.51075571466077,-196.74214,60.288338,1.114476,46.587986,-13.850775,1.5100212,-9.173786,6.5718484,-9.861605,3.0808544,-6.188467,0.28869236,-6.826588
arctic_a0008(4).wav,male,172.47358902569363,-202.31572,123.84336,-19.700155,50.425,0.29100043,-5.3044343,7.162001,-5.7255716,0.7925098,0.63487864,-7.5079026,0.035834085,-3.070598
arctic_a0008(6).wav,male,156.66423592949596,-250.18001,96.63162,14.614048,32.365463,-1.4325697,7.823421,-12.081858,2.960405,-4.786621,6.1189795,-4.4575477,-1.367228,-8.213874
arctic_a0008(7).wav,male,168.9393743876242,-241.48805,83.41636,12.3602,46.317867,7.6895933,-12.056647,-21.217142,0.3400033,-12.985102,10.746018,-16.814482,5.8990173,-7.0557723
arctic_a0008(8).wav,male,182.17655214461587,-204.36996,93.817566,0.027393976,52.788227,5.521361,-1.6606351,-17.113012,0.005254738,-0.9887841,-5.760946,-5.0234184,-6.570854,-8.785442
arctic_a0008(9).wav,male,155.74409152727526,-192.03618,97.05626,-15.320571,40.371784,-4.9293275,2.2587402,-8.312973,-8.6818495,-15.846654,14.578881,-13.2211685,-0.92759126,-5.6085095
arctic_a0008.wav,male,171.3661741196094,-209.06023,123.526665,-18.689642,50.429546,0.5819576,-4.9074273,7.4699607,-5.0477242,0.85449016,0.42196053,-7.352161,-0.16719247,-2.8698056
arctic_a0009(1).wav,male,168.85471326754964,-211.40721,80.17994,5.9864383,44.69769,-20.233,2.331831,-12.234013,-17.403101,-9.83412,-3.30785,-15.803601,8.959823,-11.08843
arctic_a0009(10).wav,male,135.42027948277857,-228.58186,98.12919,1.7232362,38.533695,5.792423,1.5657468,-10.879926,-10.627778,-9.580872,-2.7477431,-7.7698064,0.7486808,-5.7621922
arctic_a0009(11).wav,male,225.7692596156545,-245.15305,81.00839,14.782132,39.643864,5.764968,-2.7705865,-20.640709,-12.574223,-2.0095932,-6.461614,-12.520985,7.281593,-14.382163
arctic_a0009(2).wav,male,185.9989859424352,-224.07039,71.04405,5.1855373,35.776257,-7.178225,8.130681,-16.24809,-4.7893558,-7.596062,-7.0293427,-8.172246,1.6777021,-12.115446
arctic_a0009(3).wav,male,211.4468229030214,-165.12556,61.94813,6.461507,46.00307,-13.622325,8.024503,-9.309219,4.939134,-9.096048,2.0060418,-6.3001256,4.708363,-9.839649
arctic_a0009(4).wav,male,176.93706016089249,-190.16003,108.49566,-10.774557,47.0163,-1.0459346,-3.9130924,5.0755076,-6.4089775,0.47919536,-1.1959178,-5.354932,1.1105888,-1.7123338
arctic_a0009(6).wav,male,153.90499724979335,-282.01077,97.69311,31.73437,38.84825,5.9878716,10.327746,-3.324593,4.4542665,-3.454821,5.6985407,-6.134811,2.0021245,-5.4586573
arctic_a0009(7).wav,male,176.89266222222818,-222.58832,83.71411,12.701718,35.45237,13.917561,-2.1927497,-25.585775,-5.488126,-21.001398,10.326506,-16.588324,5.260382,-7.5096188
arctic_a0009(8).wav,male,180.522744394971,-221.51582,98.13574,2.8570719,48.347977,7.6520343,1.96478,-16.337124,-4.87972,-7.5746217,-3.7999763,-4.3871517,-2.2388282,-6.619438
arctic_a0009(9).wav,male,150.87680277402893,-246.52586,91.687416,-2.857771,40.545494,-0.7382812,7.6471014,-8.761691,-3.7634895,-13.030345,6.667601,-14.338513,3.3695178,0.7430911
arctic_a0009.wav,male,176.32194098881348,-192.80164,109.10055,-9.903108,46.870255,-1.2848288,-4.0184956,5.000813,-6.4094715,0.54259753,-1.1920854,-5.302027,1.1140056,-1.7357334
arctic_a0010(1).wav,male,169.84140296732008,-183.0271,95.19235,1.3203914,41.988667,-28.531956,-2.5536187,-3.7626712,-22.069462,-14.259662,-6.0565076,-17.36292,3.41646,-13.469959
arctic_a0010(10).wav,male,140.7319546068071,-193.93301,109.21355,7.6139746,32.404354,-7.205118,7.968138,-13.639531,-8.167542,-15.674586,-7.9941797,-6.119032,3.1798038,-11.724386
arctic_a0010(11).wav,male,219.60338359045156,-182.20952,98.98389,11.9371195,40.03938,-6.335468,-4.570277,-20.226381,-12.154097,-10.386807,-11.078002,-19.090834,2.8916287,-16.0975
arctic_a0010(2).wav,male,164.19358269688988,-181.21448,89.74527,2.7515259,35.902714,-19.369326,10.579229,-10.686194,-5.5411654,-13.396106,-7.0739603,-4.582859,-3.7646482,-13.211357
arctic_a0010(3).wav,male,208.30976578964473,-201.00896,69.902,3.4794462,33.23537,-9.61769,8.750289,-7.406507,3.9485595,-11.623755,2.1340551,-11.151798,0.7778048,-12.462394
arctic_a0010(4).wav,male,178.0461607746126,-203.74734,125.31893,-14.756794,45.229362,-3.6242075,-5.843077,9.910041,-10.861406,-0.061868772,-3.3076003,-11.6971445,0.63728565,-3.877371
arctic_a0010(6).wav,male,153.60568324633613,-236.27301,105.5726,39.494312,39.96843,-6.6868258,10.231317,-5.3032727,4.10545,-6.019327,1.9495951,-7.600712,-0.30346268,-9.973454
arctic_a0010(7).wav,male,179.54899143252223,-202.65312,86.847626,15.458007,38.445396,7.8922486,-12.428843,-17.78495,-2.8561954,-23.34942,10.027004,-23.92894,5.409497,-11.17367
arctic_a0010(8).wav,male,182.14288711934518,-237.94888,100.52786,13.635807,39.3166,5.111176,3.9124205,-18.505667,-2.0390694,-5.2951818,-3.31264,-5.441791,-7.1229477,-6.111335
arctic_a0010(9).wav,male,155.0976747900355,-222.96277,102.54555,-5.7108636,45.101604,-6.041234,1.348303,-0.96937996,-8.734123,-24.079723,5.6103864,-13.227949,1.3431703,-7.004927
arctic_a0010.wav,male,177.24081507726697,-220.42421,123.94297,-12.641554,44.16078,-2.0061715,-4.2503147,10.341993,-9.264095,0.3735674,-2.9152193,-10.585914,0.53637666,-3.5223734
arctic_a0011(1).wav,male,165.6890226782298,-194.2979,102.32755,-25.948214,52.291553,-27.328897,-12.115659,-2.7184353,-25.574858,-10.118127,-1.5641011,-18.563154,6.654894,-13.386572
arctic_a0011(10).wav,male,129.30136669686812,-230.18059,135.05273,-2.4051912,20.269274,3.4671056,1.8848414,-11.725594,-8.591847,-14.082089,0.42240602,-7.0906086,1.0397226,-7.944727
arctic_a0011(11).wav,male,210.3477993243642,-182.03308,115.733574,-14.247482,39.172882,-2.3044329,-13.931936,-24.018238,-20.355236,-3.2125862,-6.878777,-10.335965,-1.6756713,-16.148943
arctic_a0011(2).wav,male,165.77074110880383,-186.35463,101.17052,-17.542456,35.11437,-18.107792,4.376065,-12.292077,-8.56705,-10.893066,-5.7629437,-12.203002,-2.6115155,-14.076192
arctic_a0011(3).wav,male,202.74525009126705,-190.8965,76.15028,-4.299734,36.487686,-14.453053,-3.5215616,-7.146667,-1.5828656,-12.715734,5.6164947,-10.76145,2.9504359,-11.332394
arctic_a0011(4).wav,male,166.19359731083603,-208.07768,137.58246,-25.148525,43.005215,1.3038628,-12.406319,7.6140904,-9.823494,-2.3511863,2.0430737,-6.5141625,0.899373,-5.738399
arctic_a0011(6).wav,male,153.78924974274315,-274.67432,118.01058,24.103643,32.281616,9.325102,-1.3040895,-6.1762204,0.869907,-6.242122,7.3622947,-6.0239215,-1.6852883,-9.992202
arctic_a0011(7).wav,male,174.93499877360367,-183.882,99.4582,-2.3682585,28.314014,6.9320307,-14.549656,-14.542768,-5.1882963,-24.340693,16.02269,-17.998613,7.412475,-9.713878
arctic_a0011(8).wav,male,174.58167915473194,-251.62476,109.391495,0.5412396,44.028492,3.577198,-2.996018,-9.299153,-6.1535454,-1.6778736,-0.015590891,-4.822844,-4.7434373,-6.8907228
arctic_a0011(9).wav,male,147.39398226044165,-214.70082,118.833,-26.042784,43.873596,-7.2770386,0.081944264,-3.672659,-9.74691,-14.105073,10.515369,-11.244726,2.5655437,-4.725347
arctic_a0011.wav,male,164.6992548322778,-213.12032,137.64998,-24.389975,42.868755,2.7255592,-11.8239155,7.289058,-9.705833,-2.0388098,2.0161514,-6.667636,0.57784915,-5.6362715
arctic_a0012(1).wav,male,174.34785544524595,-206.38892,62.21875,6.0018325,49.800983,-9.734852,-0.10882678,-12.500646,-17.439756,-16.205702,-3.1662846,-19.454216,8.92705,-12.058484
arctic_a0012(10).wav,male,138.51336137244212,-229.55063,83.55773,6.488678,32.178505,8.900785,4.065719,-14.002375,-16.315239,-9.325306,-0.528347,-13.683697,0.79131013,-8.338411
arctic_a0012(11).wav,male,232.24709151966422,-241.48947,63.75318,13.313698,48.495552,5.5271664,-3.8168867,-30.273685,-15.753599,-2.8910604,-11.577681,-15.437871,2.719238,-18.464695
arctic_a0012(2).wav,male,168.0902087374329,-203.82841,63.790028,-1.6265031,41.769527,-3.0060155,5.3959346,-24.37513,-5.088266,-8.744326,-6.8648643,-11.749791,2.4382858,-14.11312
arctic_a0012(3).wav,male,205.4027885622359,-170.45761,39.69979,6.6720905,42.973026,-11.41941,7.2229204,-9.953706,7.8409657,-8.944685,3.0988564,-10.027538,8.4921665,-9.255094
arctic_a0012(4).wav,male,174.96970717001807,-187.8243,95.57456,-12.000471,48.19724,1.8251249,-1.8356816,3.2698965,-4.1844296,1.2005544,-4.168913,-5.118955,0.82559335,-4.4273763
arctic_a0012(6).wav,male,151.71434339154632,-257.58212,99.53425,35.93824,37.41098,8.025332,10.494218,-6.275775,-0.6224993,-4.434418,2.0678265,-8.119634,1.7649281,-8.393117
arctic_a0012(7).wav,male,188.93017998123827,-186.64172,61.46667,10.646905,34.518284,7.1397195,-4.3210073,-21.735857,-3.4703465,-16.614956,5.3692164,-18.490923,3.3454301,-5.458651
arctic_a0012(8).wav,male,173.84689146221183,-239.75754,82.25292,12.333391,41.90032,9.238658,8.872782,-20.991144,-1.078644,-3.632533,-2.6398342,-5.996847,-2.9803913,-2.347651
arctic_a0012(9).wav,male,158.39025165854102,-230.97336,74.54056,2.0547526,42.5298,2.6064715,9.264475,-14.24032,-5.9580317,-11.230441,0.77087015,-12.265995,3.2526102,-6.3892555
arctic_a0012.wav,male,174.2983869828703,-194.82594,95.910286,-11.026265,47.64998,2.0759177,-1.3871584,3.3101642,-3.6011317,1.5068005,-3.9864905,-5.1193666,0.941945,-4.0477977
arctic_a0013(1).wav,male,167.5618549139985,-195.64714,82.71006,8.471408,45.55947,-20.477558,-2.0571382,-7.841226,-17.798101,-13.802056,-2.7834415,-23.279387,8.76643,-11.642984
arctic_a0013(10).wav,male,134.03787611546443,-213.71577,102.81012,11.294094,38.97546,6.1547236,6.1148443,-8.56832,-10.974181,-11.058404,-7.3400884,-12.252023,1.6512741,-10.44032
arctic_a0013(11).wav,male,228.23326255504864,-211.40085,82.11323,15.711125,40.714153,-0.8100701,-5.8815627,-19.149435,-11.595514,-5.219719,-7.7911606,-15.499427,1.1880711,-13.529653
arctic_a0013(2).wav,male,165.7419676286082,-189.44057,80.302216,0.3267692,43.39566,-9.091066,8.229572,-17.496227,-3.082717,-10.962932,-7.8896627,-9.041453,-2.564834,-11.811318
arctic_a0013(3).wav,male,203.65183012700265,-188.41803,56.59881,15.621827,33.25976,-13.587159,5.7639713,-7.365432,7.5470333,-14.227232,3.1724741,-13.033603,7.8671756,-10.035425
arctic_a0013(4).wav,male,173.0429091644285,-204.17242,116.45621,-9.840103,49.928246,-7.574338,-4.2280073,4.7760496,-7.5063224,3.5898516,-0.18819395,-9.057272,0.3654606,-2.5308566
arctic_a0013(6).wav,male,151.33973466723964,-285.62112,107.66955,42.56969,38.720844,4.9388485,6.40276,-6.871048,3.6288867,-5.8432627,7.0731564,-8.925177,0.24128863,-5.6790705
arctic_a0013(7).wav,male,178.60651799337268,-188.02713,82.122246,15.721095,27.53574,7.5377016,-1.9352957,-16.191542,-2.9966269,-18.329792,10.239223,-17.370691,5.765391,-7.272418
arctic_a0013(8).wav,male,178.56009530080559,-239.226,91.46563,18.055424,41.728836,0.9980291,7.0026383,-12.360662,-3.818074,-8.299739,-0.68528533,-5.342799,-3.817951,-2.3139842
arctic_a0013(9).wav,male,151.48986265586146,-222.72424,89.644394,3.4330666,45.70529,-5.226865,4.175061,-5.903023,-4.453483,-15.2367,6.0958805,-15.7923975,0.28616935,-2.1944263
arctic_a0013.wav,male,172.77933777616445,-206.474,116.25338,-9.598106,49.831627,-7.4091997,-4.0395308,4.9382715,-7.3264365,3.6536238,-0.16437995,-8.898718,0.47052488,-2.42341
arctic_a0014(1).wav,male,169.6094235312733,-256.34167,85.95228,1.7691786,44.61447,-21.220936,5.0976043,-10.864677,-25.286463,-5.883651,-2.3604534,-16.23127,2.442713,-8.939387
arctic_a0014(10).wav,male,125.29650592262236,-246.6462,103.80178,4.692641,40.44285,1.5267757,7.526165,-11.182407,-13.428855,-8.675035,-3.2135754,-9.213228,1.8053801,-9.568234
arctic_a0014(11).wav,male,211.14894787968166,-205.43744,96.65062,7.1888895,39.867672,6.1458683,-7.073456,-26.934465,-14.826939,-4.0837173,-8.041683,-13.753258,0.58682483,-17.368437
arctic_a0014(2).wav,male,157.69683904014082,-223.08041,82.85115,2.9394908,36.95298,-10.438087,11.254065,-17.130066,-4.201974,-7.056911,-9.579614,-6.428885,-2.3066764,-11.472654
arctic_a0014(3).wav,male,211.58706375067365,-191.48448,62.441166,5.9719048,34.062836,-9.095377,9.079349,-9.446429,3.1973226,-13.161781,6.229126,-11.349314,2.114526,-10.702437
arctic_a0014(4).wav,male,166.991355780631,-206.98009,110.51487,-13.002755,49.293945,4.4859476,-3.4330516,4.8805137,-9.059366,6.4218574,-5.5221357,-10.602498,0.92973125,-1.3731976
arctic_a0014(6).wav,male,154.40231075737165,-239.79614,93.919876,26.745115,33.575718,-4.2941217,11.183466,-10.344388,0.5895502,-5.033934,4.644068,-4.745477,-0.35120723,-10.196193
